<beans xmlns="http://www.springframework.org/schema/beans"
       xmlns:context="http://www.springframework.org/schema/context"
       xmlns:mvc="http://www.springframework.org/schema/mvc" xmlns:xsi="http://www.w3.org/2001/XMLSchema-instance"
       xmlns:jee="http://www.springframework.org/schema/jee"
       xsi:schemaLocation=" http://www.springframework.org/schema/beans http://www.springframework.org/schema/beans/spring-beans-3.0.xsd http://www.springframework.org/schema/context
        http://www.springframework.org/schema/context/spring-context-3.0.xsd http://www.springframework.org/schema/mvc http://www.springframework.org/schema/mvc/spring-mvc-3.0.xsd">

    <context:annotation-config/>
    <context:component-scan base-package="com.ws.rest" />


   <!-- <bean id ="awsCreds" class="com.amazonaws.auth.BasicAWSCredentials">
        <constructor-arg index="0"><value>AKIAIA4H744NZ5RNKOVA</value></constructor-arg>
        <constructor-arg index="1"><value>aDzCKHi5gQnTLrB+JxDwubXmJm5b0SpCIBx7azr3</value></constructor-arg>
    </bean>-->

    <bean id ="service" class="com.ws.rest.service.MeasurementService"/>

    <bean id ="measurementDao" class="com.ws.rest.controller.db.MeasurementDaoImpl">
        <constructor-arg index="0"><ref bean="dbStore"/></constructor-arg>
      </bean>


    <bean id ="dbStore" class="com.ws.rest.controller.db.DBStore">
        <constructor-arg index="0"><value>http://localhost:8000</value></constructor-arg>
        <constructor-arg index="1"><value>ap-south-1</value></constructor-arg>
    </bean>


    <bean id = "viewResolver"
          class = "org.springframework.web.servlet.view.InternalResourceViewResolver">

        <property name = "suffix" value = ".jsp" />
    </bean>

    <mvc:resources mapping = "/Images/**" location = "/WEB-INF/Images/" />
    <mvc:annotation-driven/>


</beans>

