<weblogic-web-app xmlns:xsi="http://www.w3.org/2001/XMLSchema-instance"
                  xsi:schemaLocation="http://xmlns.oracle.com/weblogic/weblogic-web-app http://xmlns.oracle.com/weblogic/weblogic-web-app/1.5/weblogic-web-app.xsd"
                  xmlns="http://xmlns.oracle.com/weblogic/weblogic-web-app">
      <context-root>measurementAnalytics</context-root>
      <container-descriptor>
         <prefer-web-inf-classes>false</prefer-web-inf-classes>
         <prefer-application-packages>
            <package-name>org.joda.*</package-name>
         </prefer-application-packages>
     </container-descriptor>
   </weblogic-web-app>